"data","rows","cols","specks"
"datasynthesizer","50000",10,0.0945400000000076
"datasynthesizer","50000",15,0.124360000000017
"datasynthesizer","50000",20,0.119360000000015
"datasynthesizer","100000",10,0.108109999999991
"datasynthesizer","100000",15,0.134459999999994
"datasynthesizer","100000",20,0.145000000000004
"datasynthesizer","200000",10,0.111060000000041
"datasynthesizer","200000",15,0.153250000000083
"datasynthesizer","200000",20,0.15068500000008