type,rows,cols,vals,n,duration
ctgan,1000,10,15,1,21.693636178970337
ctgan,1000,15,15,1,26.60940170288086
ctgan,1000,20,15,1,33.461028814315796
ctgan,5000,10,15,1,95.39885425567627
ctgan,5000,15,15,1,130.47060084342957
ctgan,5000,20,15,1,178.65450596809387
