"type","columns","total_columns","max_factors","duration"
"synthpop",2,35,30,6.89100000000008
"synthpop",3,35,30,75.2560000000001
"synthpop",4,35,30,117.72
"synthpop",5,35,30,215.761
"synthpop",6,35,30,318.534
"synthpop",7,35,30,366.559
"synthpop",8,35,30,483.121
"synthpop",9,35,30,668.165
"synthpop",10,35,30,687.462
"synthpop",11,35,30,757.025
"synthpop",12,35,30,824.580000000001
