type,data,parents,epsilon,copies,j,duration
datasynthesizer,sd2011,3,0,5,1,2221.6763849258423
datasynthesizer,sd2011,3,0,5,2,2049.0590131282806
datasynthesizer,sd2011,3,0,5,3,1937.913006067276
datasynthesizer,sd2011,3,0,5,4,1960.1255989074707
datasynthesizer,sd2011,3,0,5,5,2012.1999888420105
