type,data,parents,epsilon,copies,j,duration
datasynthesizer,sd2011,0,0,1,1,0.08440613746643066
datasynthesizer,sd2011,0,0,5,1,0.07270407676696777
datasynthesizer,sd2011,0,0,5,2,0.0681600570678711
datasynthesizer,sd2011,0,0,5,3,0.0690610408782959
datasynthesizer,sd2011,0,0,5,4,0.11723613739013672
datasynthesizer,sd2011,0,0,5,5,0.07023406028747559
