type,data,parents,epsilon,copies,j,duration
datasynthesizer,sd2011_bmi,1,0,1,1,3.435971975326538
datasynthesizer,sd2011_bmi,1,0,5,1,3.189573049545288
datasynthesizer,sd2011_bmi,1,0,5,2,3.254240036010742
datasynthesizer,sd2011_bmi,1,0,5,3,3.205826759338379
datasynthesizer,sd2011_bmi,1,0,5,4,3.339853048324585
datasynthesizer,sd2011_bmi,1,0,5,5,3.4258768558502197
