type,data,copies,j,duration
datasynthesizer,grid,1,1,0.6517167091369629
datasynthesizer,grid,5,1,0.6797738075256348
datasynthesizer,grid,5,2,0.6713011264801025
datasynthesizer,grid,5,3,0.7239398956298828
datasynthesizer,grid,5,4,0.8227789402008057
datasynthesizer,grid,5,5,0.7222340106964111
