type,data,copies,j,duration
datasynthesizer,sd2011,1,1,158.969055891037
datasynthesizer,sd2011,5,1,181.20605993270874
datasynthesizer,sd2011,5,2,164.99081110954285
datasynthesizer,sd2011,5,3,160.3853621482849
datasynthesizer,sd2011,5,4,101.00719690322876
datasynthesizer,sd2011,5,5,101.68677926063538
