type,data,missing,epochs,copies,j,duration
ctgan,SD2011,yes,25,1,1,4.476596117019653
ctgan,SD2011,yes,50,1,1,9.22803282737732
ctgan,SD2011,yes,75,1,1,13.878360033035278
ctgan,SD2011,yes,100,1,1,17.746014833450317
ctgan,SD2011,no,25,1,1,4.747160196304321
ctgan,SD2011,no,50,1,1,7.502856969833374
ctgan,SD2011,no,75,1,1,10.983441829681396
ctgan,SD2011,no,100,1,1,14.741255283355713
