type,data,missing,parents,epsilon,copies,j,duration
datasynthesizer,SD2011,yes,0,0.0,1,1,0.013617992401123047
datasynthesizer,SD2011,yes,0,0.1,1,1,0.0090179443359375
datasynthesizer,SD2011,yes,0,1.0,1,1,0.008430004119873047
datasynthesizer,SD2011,yes,0,0.0,1,1,0.008591175079345703
datasynthesizer,SD2011,yes,0,0.1,1,1,0.008291959762573242
datasynthesizer,SD2011,yes,0,1.0,1,1,0.009438037872314453
