"data","copies","epochs","pmse"
"sd2011_clean_small",1,"1",0.235888998475003
"sd2011_clean_small",1,"100",0.191215661381627
"sd2011_clean_small",1,"300",0.156565802078542
"sd2011_clean_small",1,"600",0.154255052953692
"sd2011_clean_small",1,"900",0.148737302720878
