"data","copies","privacy","parents","pmse"
"sd2011",5,"0","2",0.204728546843924
"sd2011_clean",5,"0","2",0.129613443395785
"sd2011_clean_small",5,"0","2",0.0744398297249058
