"data","copies","pmse"
"sd2011",5,0.0221781742057148
"sd2011_clean",5,0.0205580896254487
"sd2011_clean_small",5,0.0202828445674978
