type,rows,cols,n,duration,epochs,batch_size
ctgan,50000,10,1,579.6335890293121,300,500.0
ctgan,50000,15,1,798.0064036846161,300,500.0
ctgan,50000,20,1,1064.634855747223,300,500.0
ctgan,100000,10,1,1211.5607659816742,300,500.0
ctgan,100000,15,1,1846.9835000038147,300,500.0
ctgan,100000,20,1,2226.224795818329,300,500.0
ctgan,200000,10,1,2571.1214950084686,300,500.0
ctgan,200000,15,1,3562.470652103424,300,500.0
ctgan,200000,20,1,5112.334099054337,300,500.0
