"data","copies","epochs","pmse","spmse","specks"
"sd2011",1,"25",0.205244465047338,15.3694313956349,0.899599999999934
"sd2011",1,"50",0.21428878371509,14.7866550889156,0.918999999999931
"sd2011",1,"75",0.184989956338092,13.0777162833455,0.849399999999939
"sd2011",1,"100",0.213292127357168,16.1982315455245,0.917599999999932
"sd2011",5,"50",0.204117417272354,14.9171093007873,0.895039999999934
