type,rows,cols,n,duration
datasynthesizer,50000,10,1,33.7326021194458
datasynthesizer,50000,15,1,78.84844589233398
datasynthesizer,50000,20,1,136.31040811538696
datasynthesizer,100000,10,1,63.47454619407654
datasynthesizer,100000,15,1,148.87212109565735
datasynthesizer,100000,20,1,290.8331718444824
datasynthesizer,200000,10,1,181.39518785476685
datasynthesizer,200000,15,1,379.89103293418884
datasynthesizer,200000,20,1,727.234050989151
