"data","rows","cols","specks"
"synthpop","200000",10,0.00606999999999983
"synthpop","200000",15,0.0030249999999999
"synthpop","200000",20,0.00630999999999976
