{
    "meta": {
        "num_tuples": 4973,
        "num_attributes": 4,
        "num_attributes_in_BN": 4,
        "all_attributes": [
            "age",
            "eduspec",
            "sex",
            "alcabuse"
        ],
        "candidate_keys": [],
        "non_categorical_string_attributes": [],
        "attributes_in_BN": [
            "age",
            "eduspec",
            "sex",
            "alcabuse"
        ]
    },
    "attribute_description": {
        "age": {
            "name": "age",
            "data_type": "Integer",
            "is_categorical": false,
            "is_candidate_key": false,
            "min": 16,
            "max": 97,
            "missing_rate": 0.0,
            "distribution_bins": [
                16.0,
                20.05,
                24.1,
                28.15,
                32.2,
                36.25,
                40.3,
                44.349999999999994,
                48.4,
                52.449999999999996,
                56.5,
                60.55,
                64.6,
                68.65,
                72.69999999999999,
                76.75,
                80.8,
                84.85,
                88.89999999999999,
                92.95
            ],
            "distribution_probabilities": [
                0.07158265797910147,
                0.06907585798253647,
                0.05571703456920866,
                0.05720752484271224,
                0.05773296473265125,
                0.063449913156276,
                0.05866336182125742,
                0.06346687322460404,
                0.0688543928894343,
                0.0774233627228729,
                0.08039461355985042,
                0.08325872364403095,
                0.044884758932936974,
                0.03868822358621054,
                0.041930079332714136,
                0.031032454050064245,
                0.019596844033090772,
                0.009265885654107901,
                0.006295001378224494,
                0.0014794719081149073
            ]
        },
        "eduspec": {
            "name": "eduspec",
            "data_type": "String",
            "is_categorical": true,
            "is_candidate_key": false,
            "min": 3,
            "max": 50,
            "missing_rate": 0.0,
            "distribution_bins": [
                "agriculture, forestry, fishing",
                "architecture and construction",
                "armed forces and country protection",
                "art",
                "biological sciences",
                "computer science",
                "economy and administration",
                "environmental protection",
                "healthcare",
                "journalism and information",
                "lack of data",
                "law",
                "liberal arts",
                "mathematics and statistics",
                "no specialisation",
                "not applicable",
                "other",
                "pedagogics",
                "physical sciences",
                "production and processing",
                "protection and safety",
                "public health",
                "services for the population and transport services",
                "social sciences",
                "social welfare",
                "technical science",
                "veterinary medicine"
            ],
            "distribution_probabilities": [
                0.06503533048444675,
                0.01881618416822388,
                0.0004606945309847656,
                0.002247159867769535,
                0.01051453053496489,
                0.009969893045011264,
                0.04307678385360483,
                0.0036767469363688052,
                0.021861476554723168,
                0.0,
                0.0005889908885276609,
                0.006224748200641535,
                0.017803573626177117,
                0.006153120778841909,
                0.3287718422880806,
                0.017694873548877835,
                0.0042569077370464056,
                0.03116560126432499,
                0.0053226316953589115,
                0.06527236336610949,
                0.0021343725079817372,
                0.004623079310121242,
                0.08658951827204334,
                0.06398625787434821,
                0.0020037621351405525,
                0.18063045523675814,
                0.0011191012935223286
            ]
        },
        "sex": {
            "name": "sex",
            "data_type": "String",
            "is_categorical": true,
            "is_candidate_key": false,
            "min": 4,
            "max": 6,
            "missing_rate": 0.0,
            "distribution_bins": [
                "FEMALE",
                "MALE"
            ],
            "distribution_probabilities": [
                0.5650609405647805,
                0.43493905943521943
            ]
        },
        "alcabuse": {
            "name": "alcabuse",
            "data_type": "String",
            "is_categorical": true,
            "is_candidate_key": false,
            "min": 2,
            "max": 3,
            "missing_rate": 0.0,
            "distribution_bins": [
                "NO",
                "YES"
            ],
            "distribution_probabilities": [
                0.9372992800173032,
                0.06270071998269676
            ]
        }
    }
}