"type","rows","cols","vals","n","duration"
"synthpop",1000,20,5,1,0.375
"synthpop",1000,20,10,1,1.703
"synthpop",1000,20,15,1,42.083
"synthpop",1000,20,20,1,1281.498
"synthpop",5000,20,5,1,2.07600000000002
"synthpop",5000,20,10,1,7.24099999999999
"synthpop",5000,20,15,1,160.296
"synthpop",5000,20,20,1,4850.827
