"data","copies","pmse","spmse","specks"
"sd2011_duration_wo_missing",1,0.00332322684440817,1.69723112540385,0.0850593203297803
"sd2011_duration_w_missing",1,0.00270849441293501,1.22832676696647,0.0846000000000004
"sd2011_duration_wo_missing",5,0.00299447182645022,1.52941322844135,0.0857430122662372
"sd2011_duration_w_missing",5,0.00197522248859805,1.12508610797433,0.0662399999999999
