"data","copies","pmse","spmse","specks"
"sd2011",1,0.0235299908324727,1.98616540948632,0.271200000000003
"sd2011",5,0.0234988933257653,1.889520433096,0.265440000000003
