"data","rows","cols","specks"
"synthpop","50000",10,0.0183199999999996
"synthpop","50000",15,0.0235999999999994
"synthpop","50000",20,0.0258199999999992
"synthpop","100000",10,0.00544999999999993
"synthpop","100000",15,0.0131299999999996
"synthpop","100000",20,0.00745999999999985
"synthpop","200000",10,0.00606999999999983
"synthpop","200000",15,0.0030249999999999
"synthpop","200000",20,0.00630999999999976