"data","copies","privacy","parents","pmse","specks"
"sd2011_clean_small",5,"0","0",0.24890241468769,0.997799999999923
"sd2011_clean_small",5,"0","1",0.24890241468769,0.997799999999923
"sd2011_clean_small",5,"0","2",0.0744398297249058,0.514159999999976
"sd2011_clean_small",5,"0","3",0.0823825161734183,0.536359999999974
