"data","copies","pmse","specks"
"sd2011_clean_small",1,0.227717693052881,0.952199999999928
