"data","copies","epochs","batch","pmse"
"sd2011_clean_small",1,"150","250",0.167553183892441
"sd2011_clean_small",1,"300","500",0.141316728830162
"sd2011_clean_small",1,"600","1000",0.141513337775288
