"data","copies","epochs","batch","pmse","specks"
"sd2011_clean_small",1,"150","250",0.167553183892441,0.807599999999944
"sd2011_clean_small",1,"300","500",0.141316728830162,0.734799999999952
"sd2011_clean_small",1,"600","1000",0.141513337775288,0.730799999999952
