"data","copies","epochs","pmse","specks"
"sd2011_clean_small",1,"1",0.235888998475003,0.969599999999926
"sd2011_clean_small",1,"100",0.191215661381627,0.867199999999937
"sd2011_clean_small",1,"300",0.156565802078542,0.773199999999947
"sd2011_clean_small",1,"600",0.154255052953692,0.765599999999948
"sd2011_clean_small",1,"900",0.148737302720878,0.74779999999995
