"data","copies","epochs","pmse","specks"
"sd2011_clean_small",1,"100",0.179920072305349,0.834799999999941
"sd2011_clean_small",1,"300",0.193488418662891,0.873399999999936
"sd2011_clean_small",1,"600",0.154255052953692,0.765599999999948
"sd2011_clean_small",1,"900",0.148737302720878,0.74779999999995
