type,data,epochs,copies,j,duration
ctgan,grid,50,1,1,19.7635440826416
ctgan,grid,50,5,1,20.296839952468872
ctgan,grid,50,5,2,19.759981870651245
ctgan,grid,50,5,3,20.17789578437805
ctgan,grid,50,5,4,20.016743898391724
ctgan,grid,50,5,5,20.607242107391357
