type,data,epochs,copies,j,duration
ctgan,sd2011_ordered,25,1,1,5.843251943588257
ctgan,sd2011_ordered,50,1,1,9.387084007263184
ctgan,sd2011_ordered,75,1,1,13.259485960006714
ctgan,sd2011_ordered,100,1,1,16.407724142074585
