type,data,epochs,copies,j,duration
ctgan,adult,50,1,1,108.81431579589844
ctgan,adult,50,5,1,108.52328395843506
ctgan,adult,50,5,2,109.55660700798035
ctgan,adult,50,5,3,125.5661928653717
ctgan,adult,50,5,4,114.72376894950867
ctgan,adult,50,5,5,111.72350883483887
