type,data,epochs,copies,j,duration
ctgan,sd2011_small,50,1,1,7.60971999168396
ctgan,sd2011_small,50,5,1,7.382385969161987
ctgan,sd2011_small,50,5,2,8.192571878433228
ctgan,sd2011_small,50,5,3,8.074146032333374
ctgan,sd2011_small,50,5,4,8.31193995475769
ctgan,sd2011_small,50,5,5,8.118266105651855
