type,data,copies,j,duration
datasynthesizer,sd2011_small,1,1,3.702469825744629
datasynthesizer,sd2011_small,5,1,3.659229040145874
datasynthesizer,sd2011_small,5,2,7.328222990036011
datasynthesizer,sd2011_small,5,3,8.076204776763916
datasynthesizer,sd2011_small,5,4,8.14650273323059
datasynthesizer,sd2011_small,5,5,8.504930019378662
