type,data,epochs,copies,j,duration
ctgan,sd2011,1800,1,1,1117.6356327533722
ctgan,sd2011,1800,5,1,1103.73331284523
ctgan,sd2011,1800,5,2,1122.9832360744476
ctgan,sd2011,1800,5,3,1131.9239430427551
ctgan,sd2011,1800,5,4,1093.0984191894531
ctgan,sd2011,1800,5,5,1136.2822530269623
