type,data,epochs,copies,j,duration
ctgan,sd2011_clean,1800,1,1,1188.2230129241943
ctgan,sd2011_clean,1800,5,1,1105.7771039009094
ctgan,sd2011_clean,1800,5,2,1104.3667929172516
ctgan,sd2011_clean,1800,5,3,1166.0520987510681
ctgan,sd2011_clean,1800,5,4,1133.2876799106598
ctgan,sd2011_clean,1800,5,5,1109.080824136734
