"data","copies","pmse","specks"
"sd2011",5,0.0221781742057148,0.259600000000004
"sd2011_clean",5,0.0205580896254487,0.244960000000004
"sd2011_clean_small",5,0.0202828445674978,0.248040000000004
"sd2011_clean_small_categorical",5,0.0202828445674978,0.248040000000004
